SNPS,RISK ALLELE FREQUENCY,MAPPED_GENE,LOCATION,RISK_ALLELE
rs3104373,0.1808510638297873,HLA-DQA1,6,T
rs3135388,0.2127659574468085,HLA-DRA - HLA-DRB9,6,A
rs3129889,0.1914893617021277,HLA-DRA - HLA-DRB9,6,G
rs9271366,0.1382978723404255,HLA-DRB1 - HLA-DQA1,6,G
DRB*15:01,0.1843971631205674,DRB1,6,G
rs3135388,0.2234042553191489,HLA-DRA - HLA-DRB9,6,A
chr16:11213951,0.5638297872340425,CLEC16A,6,C
rs10801908,0.5638297872340425,CD58,1,C
rs11256593,0.5638297872340425,RPL32P23 - RBM17,10,T
rs438613,0.7943262411347518,LINC01967,3,C
rs2104286,0.7553191489361702,IL2RA,10,A
rs1800693,0.7943262411347518,TNFRSF1A,12,C
rs12927355,0.7127659574468086,CLEC16A,16,G
chr3:121765368,0.7943262411347518,ILDR1,6,C
rs6677309,0.9148936170212768,CD58,1,A
rs11621145,0.6205673758865249,IGHA1,14,G
rs6670198,0.6205673758865249,PRXL2B,1,T
rs62420820,0.6205673758865249,IL20RA - IL22RA2,6,A
rs1738074,0.6205673758865249,"TAGAP, TAGAP-AS1",6,C
rs35540610,0.4539007092198581,SP140,2,C
rs1323292,0.4539007092198581,RGS21 - RGS1,1,A
rs1077667,0.4539007092198581,TNFSF14,19,C
rs1813375,0.5,LINC01967,3,A
rs9281962,0.4468085106382979,HLA-DRB1 - HLA-DQA1,6,T
rs35486093,0.4539007092198581,C1orf52 - Y_RNA,1,G
rs2150879,0.4539007092198581,VMP1,17,G
rs701006,0.4539007092198581,OS9,12,G
chr14:88523488,0.4539007092198581,LINC01146,6,C
rs11809700,0.4539007092198581,EVI5,1,T
rs9843355,0.4539007092198581,TIMMDC1,3,G
rs4939490,0.4290780141843972,CD6 - LINC02954,11,G
rs4896153,0.5035460992907802,AHI1-DT,6,T
rs3763354,0.5035460992907802,HLA-DOB,6,G
rs72928038,0.5035460992907802,BACH2,6,A
rs10063294,0.5035460992907802,IL7R,5,G
rs1026916,0.5035460992907802,STAT3,17,A
rs1014486,0.5035460992907802,IL12A-AS1,3,C
rs9271673,0.5035460992907802,HLA-DRB1 - HLA-DQA1,6,C
rs1800693,0.4148936170212766,TNFRSF1A,12,G
rs11079784,0.5035460992907802,KPNB1-DT,17,C
rs9271700,0.4255319148936171,HLA-DRB1 - HLA-DQA1,6,G
rs41286801,0.148936170212766,EVI5,1,A
rs3748817,0.6702127659574468,MMEL1,1,A
rs9275602,0.4148936170212766,MTCO3P1 - HLA-DQB3,6,G
rs6589706,0.4148936170212766,Y_RNA - CXCR5,11,A
rs3135338,0.1170212765957447,TSBP1-AS1 - HLA-DRA,6,A
rs117518546,0.3457446808510638,IGHG1,14,T
chr8:129177769,0.7056737588652482,MIR1208,6,C
rs11749040,0.7056737588652482,RNU1-150P - TTC33,5,A
rs631204,0.7056737588652482,BTF3L4P3 - LINC03004,6,A
rs4808760,0.7056737588652482,IFI30 - MPV17L2,19,C
rs2255214,0.5319148936170214,Y_RNA - CD86,3,C
rs1077667,0.8191489361702129,TNFSF14,19,G
rs11554159,0.7659574468085106,IFI30,19,G
rs12478539,0.7056737588652482,LINC02580,2,G
rs77278603,0.7056737588652482,HLA-DRB9 - HLA-DRB5,6,A
rs58166386,0.8085106382978723,EPS15L1,19,G
rs7977720,0.8085106382978723,LINC02390 - CLECL1P,12,T
rs9272775,0.2234042553191489,HLA-DQA1,6,C
rs1131265,0.8404255319148938,TIMMDC1,3,C
rs34947566,0.5177304964539008,RMI2,16,C
rs17066096,0.2446808510638298,IL20RA - IL22RA2,6,G
rs8070345,0.4680851063829788,VMP1,17,A
rs1250551,0.3687943262411348,ZMIZ1,10,T
rs9989735,0.1808510638297873,SP140,2,C
rs34383631,0.3936170212765958,CD6 - LINC02954,11,A
A*02:01,0.2730496453900709,HLA,6,G
rs34723276,0.3475177304964539,VCAM1,6,A
rs28703878,0.5815602836879434,PKIA-AS1,8,G
rs1920296,0.6595744680851064,IQCB1,3,C
rs2269423,0.6702127659574468,AGPAT1,6,G
rs201202118,0.6914893617021278,TSFM,12,A
rs140522,0.6702127659574468,CIMAP1B - KLHDC7B-DT,22,T
rs3809627,0.6702127659574468,TBX6,16,C
rs9271721,0.5815602836879434,HLA-DRB1 - HLA-DQA1,6,G
rs2284178,0.6702127659574468,HCP5,6,G
rs67111717,0.4751773049645391,RGS14,5,G
rs2040406,0.2553191489361702,HLA-DQA1,6,G
rs59655222,0.3687943262411348,INAVA,1,T
rs212405,0.6595744680851064,"TAGAP, TAGAP-AS1",6,T
rs12087340,0.074468085106383,BCL10-AS1,1,A
rs9271640,0.4397163120567376,HLA-DRB1 - HLA-DQA1,6,G
rs74796499,0.9893617021276596,GALC,14,C
rs11154801,0.3723404255319149,AHI1,6,A
rs2364485,0.574468085106383,LTBR - RPL31P10,12,A
rs3749981,0.6170212765957448,PPP1R2P1 - HLA-Z,6,G
rs4796791,0.3617021276595745,STAT3,17,A
rs7090512,0.6170212765957448,IL2RA - RPL32P23,10,G
rs1359062,0.8617021276595744,RGS21 - RGS1,1,C
rs2331964,0.6170212765957448,IQCB1,3,C
rs6990534,0.6170212765957448,PVT1,8,G
rs9368737,0.6170212765957448,HLA-DQB1 - MTCO3P1,6,G
rs6880778,0.6276595744680852,RNU1-150P - TTC33,5,G
rs2327586,0.6170212765957448,HBS1L - MYB,6,T
rs9591325,0.6170212765957448,DLEU1,13,T
rs12925972,0.6170212765957448,WWOX,16,C
rs9610458,0.6170212765957448,MAPK1,22,T
rs12365699,0.5141843971631206,Y_RNA - CXCR5,11,G
rs1177228,0.5141843971631206,PUS10,2,G
rs2248137,0.5141843971631206,CYP24A1,20,C
rs9275698,0.4645390070921986,MTCO3P1 - HLA-DQB3,6,G
rs6679677,0.4645390070921986,PHTF1 - RSBN1,1,G
rs1076928,0.4539007092198581,ETV7,6,T
rs1087056,0.4539007092198581,LINC02664,10,A
rs55838263,0.7340425531914894,INAVA,1,A
rs28834106,0.4539007092198581,PDE4A - KEAP1,19,T
rs60600003,0.4539007092198581,ELMO1,7,G
rs6032662,0.4539007092198581,RPL13P2 - CD40,20,C
rs2546890,0.4539007092198581,IL12B - LINC01845,5,A
rs9272775,0.2907801418439716,HLA-DQA1,6,C
rs28366299,0.1808510638297873,HLA-DRB1 - HLA-DQA1,6,A
rs1014486,0.4468085106382979,IL12A-AS1,3,G
rs10951042,0.4539007092198581,CARD11 - SDK1-AS1,7,C
rs2454138,0.2127659574468085,HLA-DRB1 - HLA-DQA1,6,A
rs3129783,0.4468085106382979,HLA-DQB1 - MTCO3P1,6,G
rs9878602,0.3297872340425533,FOXP1,3,T
rs2454138,0.2127659574468085,HLA-DRB1 - HLA-DQA1,6,A
rs2454138,0.2127659574468085,HLA-DRB1 - HLA-DQA1,6,A
rs1465697,0.553191489361702,SLC6A16 - CD37,19,T
rs4976646,0.3617021276595745,RGS14,5,G
rs6498184,0.8510638297872342,RMI2,16,G
rs2523393,0.6063829787234043,"HLA-F-AS1, HLA-F",6,A
chr6:14691215,0.6063829787234043,LINC01108,6,C
rs483180,0.6063829787234043,PHGDH,1,C
rs9271366,0.4822695035460993,HLA-DRB1 - HLA-DQA1,6,G
rs1112718,0.6666666666666667,Y_RNA - EXOC6,10,A
rs9272071,0.3191489361702128,HLA-DQA1,6,C
rs440841,0.5851063829787234,HLA-DOA - HLA-DPA1,6,G
rs35703946,0.5496453900709222,LINC02132 - LINC01082,16,G
rs9281971,0.3617021276595745,HLA-DQA1,6,G
rs6881706,0.7553191489361702,IL7R,5,C
rs7923837,0.6382978723404256,Y_RNA - EXOC6,10,G
rs12434551,0.5496453900709222,RNU6-921P - ZFP36L1,14,A
rs9268633,0.3936170212765958,TSBP1-AS1 - HLA-DRA,6,A
rs3129871,0.3652482269503547,TSBP1-AS1 - HLA-DRA,6,G
rs1150757,0.0851063829787234,TNXB,6,A
rs34026809,0.549645390070922,PHLDB1,11,G
rs7200786,0.4822695035460993,CLEC16A,16,A
rs2986736,0.4822695035460993,ESPN,1,C
chr13:100026952,0.4822695035460993,MIR548AN,6,A
rs1021156,0.2553191489361702,PKIA - ZC2HC1A,8,A
rs62013236,0.4822695035460993,CTSH - RASGRF1,15,C
rs9909593,0.4822695035460993,IKZF3,17,G
rs465151,0.549645390070922,WDR46,6,G
HLA-DRB1*03:01,0.1063829787234043,HLA-DRB1,6,G
rs9281971,0.3581560283687944,HLA-DQA1,6,G
HLA-B*08:01,0.0957446808510638,HLA-B,6,G
rs12133753,0.6453900709219857,TGFBR3,1,C
rs2163226,0.7553191489361702,LINC02580,2,A
rs7552544,0.4361702127659575,VCAM1 - EXTL2,1,A
rs13327021,0.6453900709219857,EOMES - LINC01980,3,T
rs9273529,0.3120567375886525,HLA-DQB1,6,G
rs2975043,0.4609929078014185,POLR1HASP,6,G
rs1335532,0.6453900709219857,CD58,1,A
rs4613763,0.6453900709219857,RNU1-150P - TTC33,5,G
rs115277907,0.3120567375886525,C2,6,G
chr7:50328339,0.6453900709219857,C7orf72,6,A
rs61863928,0.6453900709219857,LINC02929 - ALDH7A1P4,10,G
rs2317231,0.6453900709219857,FCRL3 - VDAC1P9,1,G
rs3129934,0.0851063829787234,"TSBP1, TSBP1-AS1",6,T
rs4410871,0.7446808510638299,PVT1,8,G
chr16:11353879,0.5106382978723405,SOCS1,6,T
rs12622670,0.5106382978723405,PLEK - WDR4P2,2,T
rs9266658,0.1418439716312057,FGFR3P1 - ZDHHC20P2,6,G
rs2283792,0.5425531914893618,MAPK1,22,C
rs6457617,0.3368794326241135,HLA-DQB1 - MTCO3P1,6,A
rs983494,0.5106382978723405,CD48 - SLAMF7,1,G
rs6533052,0.5106382978723405,SLC9B1,4,A
rs4810485,0.2446808510638298,CD40,20,A
rs522308,0.2446808510638298,HLA-DRB1 - HLA-DQA1,6,T
rs72922276,0.3226950354609929,JAK1,1,G
chr1:32738415,0.3226950354609929,LCK,6,A
rs2239707,0.1418439716312057,NFKBIL1,6,G
rs4796224,0.3617021276595745,ZNHIT3,17,G
HLA-DQB1*02:01,0.1170212765957447,HLA-DQB1,6,G
rs7535818,0.2907801418439716,RGS1,1,G
rs72928038,0.1808510638297873,BACH2,6,A
rs12722559,0.2907801418439716,IL2RA,10,C
rs669607,0.2907801418439716,LINC01967,3,C
rs9271640; rs3135388; rs3957148,0.2765957446808511,HLA-DRB1 - HLA-DQA1; HLA-DRA - HLA-DRB9; MTCO3P1 - HLA-DQB3,6,G
rs1801133,0.2907801418439716,MTHFR,1,G
rs2371108,0.3936170212765958,LINC02084 - EOMES,3,A
rs1870071,0.2978723404255319,EPS15L1,19,G
rs12147246,0.2907801418439716,TRAF3,14,A
rs3828840,0.2588652482269504,"HLA-DRB6, HLA-DRB6",6,G
rs3129720,0.2588652482269504,HLA-DQB1 - MTCO3P1,6,G
rs405343,0.4539007092198582,SOX8 - SSTR5,16,T
rs8283,0.4468085106382979,ATF6B,6,G
rs9736016,0.6489361702127661,Y_RNA - CXCR5,11,T
rs1782645,0.4148936170212766,ZMIZ1,10,A
rs3129871,0.3617021276595745,TSBP1-AS1 - HLA-DRA,6,G
rs7731626,0.5390070921985817,ANKRD55,5,G
rs11810217,0.4078014184397163,EVI5,1,A
rs8107548,0.2553191489361702,DKKL1,19,G
rs523604,0.5531914893617023,CXCR5,11,A
rs1738074,0.4078014184397163,"TAGAP, TAGAP-AS1",6,G
rs4648356,0.5000000000000001,TTC34,1,C
rs58394161,0.5000000000000001,GFI1,1,C
rs34536443,1.0,TYK2,19,C
rs2534671,0.5921985815602837,MICB,6,G
rs842639,0.6914893617021278,REL-DT,2,A
rs244656,0.5921985815602837,VDAC1 - TCF7,5,A
rs9863496,0.5921985815602837,SATB1-AS1,3,C
rs6742,0.3262411347517731,SLC2A4RG,20,C
rs1800693,0.3262411347517731,TNFRSF1A,12,G
rs6564681,0.3262411347517731,MAFTRR,16,C
rs3737798,0.3262411347517731,VANGL2,1,A
rs60600003,0.0851063829787234,ELMO1,7,C
rs17724508,0.1879432624113476,RNA5SP431 - MAF,16,T
rs12296430,0.2021276595744681,LTBR - RPL31P10,12,C
rs9271640; rs6457617; rs3957148,0.2765957446808511,HLA-DRB1 - HLA-DQA1; HLA-DQB1 - MTCO3P1; MTCO3P1 - HLA-DQB3,6,G
rs2523589,0.3368794326241135,HLA-B,6,G
rs1077667,0.3581560283687944,TNFSF14,19,G
rs883871,0.3581560283687944,NR1D1,17,A
rs9308424,0.3581560283687944,BATF3 - NSL1,1,G
rs11154801,0.3581560283687944,AHI1,6,A
rs7595717,0.2659574468085107,CNRIP1 - PLEK,2,A
rs3873444,0.3581560283687944,MTCO3P1 - HLA-DQB3,6,G
rs2269434,0.3581560283687944,MYBPC3,11,C
rs4794058,0.5319148936170214,EFCAB13-DT - NPEPPS,17,A
HLA-C*07:01,0.1382978723404255,HLA-C,6,G
rs7132277,0.1808510638297873,PITPNM2,12,A
rs2248359,0.6382978723404256,CYP24A1 - PFDN4,20,G
rs2084007,0.5354609929078015,JADE2,5,C
rs7385730,0.4361702127659575,SPMIP7 - IKZF1,7,G
rs6738544,0.5354609929078015,STAT4,2,C
rs719316,0.5354609929078015,ATXN1,6,T
rs17208314,0.4290780141843972,TSBP1-AS1,6,G
rs71624119,0.7872340425531916,ANKRD55,5,G
rs7975763,0.5354609929078015,PITPNM2,12,T
rs12148050,0.3617021276595745,TRAF3,14,A
rs17066096,0.5248226950354611,IL20RA - IL22RA2,6,G
rs67297943,0.8297872340425533,LINC02865,6,A
rs11052877,0.3829787234042554,CD69,12,G
rs34695601,0.5248226950354611,BATF - FLVCR2-AS1,14,T
rs249677,0.5248226950354611,NDFIP1 - SPRY4,5,A
rs735542,0.5248226950354611,"CASC19, PCAT1",8,A
HLA-DRB1*03:01,0.1063829787234043,HLA-DRB1,6,G
rs3218816,0.4397163120567377,GTF2H4,6,G
rs3819715,0.4397163120567377,TAP2,6,G
rs7743807,0.4397163120567377,EHMT2,6,G
rs144595899,0.4397163120567377,ATF6B,6,G
rs6496663,0.5248226950354611,GOLGA2P8 - GABARAPL3,15,C
rs2523608,0.4893617021276596,HLA-B,6,G
rs9267821,0.4255319148936171,NOTCH4,6,G
rs2859448,0.4255319148936171,HCP5,6,G
rs2300747,0.6950354609929079,CD58,1,G
rs6589939,0.5709219858156029,GLULP3 - UBASH3B,11,G
chr2:112492986,0.5709219858156029,MIR4435-1HG,6,C
HLA-B*08:01,0.0957446808510638,HLA-B,6,G
rs1150757,0.0851063829787234,TNXB,6,A
rs28383224,0.4255319148936171,HLA-DRB1 - HLA-DQA1,6,A
rs2236262,0.5106382978723405,ZFP36L1,14,A
rs2157338,0.4255319148936172,HLA-DRB9,6,G
rs9461856,0.4255319148936172,SYNGAP1,6,G
rs9271640,0.6773049645390072,HLA-DRB1 - HLA-DQA1,6,A
HLA-DQA1*05:01,0.2234042553191489,HLA-DQA1,6,G
rs9967792,0.6595744680851064,STAT4,2,G
rs4262739,0.5709219858156029,ETS1,11,G
HLA-DQB1*02:01,0.1170212765957447,HLA-DQB1,6,G
DRB*13:03,0.2127659574468085,DRB1,6,G
rs17780048,0.6595744680851064,WAKMAR2,6,C
rs2289746,0.574468085106383,CBLB,3,C
rs9265549,0.421985815602837,LINC02571 - HLA-B,6,G
rs35929052,0.9148936170212768,LINC02132 - LINC01082,16,G
rs793108,0.5212765957446809,LINC02664,10,A
rs666930,0.5425531914893618,PHGDH,1,G
rs12614091,0.6595744680851064,KRT18P39 - NPM1P33,2,A
rs4925166,0.6595744680851064,TOP3A,17,G
rs4409785,0.6595744680851064,LNCRNA-IUR - FAM76B,11,C
rs3830041,0.3439716312056738,NOTCH4,6,G
chr11:14868316,0.698581560283688,PDE3B,6,G
rs4902647,0.574468085106383,RNU6-921P - ZFP36L1,14,G
rs9260489,0.4574468085106383,POLR1HASP,6,T
rs9282641,0.698581560283688,CD86,3,G
rs1891621,0.698581560283688,LINC02664,10,G
rs2546890,0.574468085106383,IL12B - LINC01845,5,A
rs201847125,0.723404255319149,SPMIP7 - IKZF1,7,G
rs57116599,0.574468085106383,MERTK,2,G
rs2705616,0.574468085106383,AFF1,4,C
chr5:40429250,0.574468085106383,LINC00603,6,T
rs10245867,0.574468085106383,JAZF1,7,T
rs11231749,0.574468085106383,PRDX5 - CCDC88B,11,C
rs6837324,0.574468085106383,TXK,4,G
rs886401,0.4007092198581561,CCHCR1,6,A
rs1800693,0.4574468085106383,TNFRSF1A,12,C
rs650258,0.5886524822695036,LINC02954,11,G
rs2288904,0.8085106382978724,SLC44A2,19,G
rs7204270,0.5,MAPK3 - CORO1A,16,G
rs34681760,0.5886524822695036,LINC02102 - TENT4A,5,C
rs10936602,0.5886524822695036,LRRIQ4,3,T
rs9992763,0.5886524822695036,LEF1,4,G
rs34536443,0.5460992907801419,TYK2,19,G
rs3118470,0.6631205673758865,IL2RA,10,G
rs2248359,0.6631205673758865,CYP24A1 - PFDN4,20,G
rs3129934,0.2624113475177305,"TSBP1, TSBP1-AS1",6,T
rs7731626,0.4042553191489362,ANKRD55,5,G
rs12149527,0.4787234042553192,WWOX,16,A
rs13385171,0.5602836879432624,SPRED2 - LINC02934,2,C
rs28383224,0.4255319148936171,HLA-DRB1 - HLA-DQA1,6,A
rs17205731,0.0319148936170213,HLA-DQB1 - MTCO3P1,6,T
rs9275563,0.8212765957446808,MTCO3P1 - HLA-DQB3,6,G
rs35967351,0.7021276595744682,SLAMF7,1,A
rs4711253,0.4858156028368796,MUC22 - HCG22,6,G
rs2726479,0.624113475177305,TET2-AS1,4,C
rs3184504,0.624113475177305,"ATXN2, SH2B3",12,T
rs703842,0.6914893617021278,"METTL1, CYP27B1",12,A
HLA-C*07:01,0.1382978723404255,HLA-C,6,G
rs7595037,0.6985815602836881,PLEK - WDR4P2,2,A
rs9955954,0.6985815602836881,MALT1,18,A
rs760517,0.6985815602836881,"NCF4-AS1, NCF4",22,C
rs5756405,0.6985815602836881,CSF2RB,22,A
chr3:100848597,0.7695035460992907,ABI3BP,6,C
rs140522,0.7695035460992907,CIMAP1B - KLHDC7B-DT,22,G
rs1399180,0.5957446808510638,"GATA3, GATA3-AS1",10,C
rs17413179,0.6099290780141845,ADIPOR1P1 - EBLN1,10,G
chr11:118783424,0.6382978723404256,BCL9L,6,G
rs533646,0.7021276595744682,TREHP1 - RNU6-376P,11,G
rs10230723,0.6382978723404256,SPMIP7 - IKZF1,7,A
rs756699,0.9148936170212768,VDAC1 - TCF7,5,A
rs669607,0.6382978723404256,LINC01967,3,C
rs6911131,0.6205673758865249,PHACTR2,6,G
rs706015,0.1702127659574468,SKAP2,7,C
rs17119,0.8297872340425533,RNU6-793P - RPL6P17,6,A
rs4772201,0.8617021276595744,LNCARGI - TM9SF2,13,A
rs7196953,0.2978723404255319,MAFTRR,16,A
rs17051321,0.3049645390070922,TNIP3,4,T
rs1843938,0.4468085106382979,CARD11 - SDK1-AS1,7,A
rs7855251,0.3049645390070922,TRIM14,9,T
rs11871306,0.0,WNT9B,17,C
rs9657904,0.8574468085106384,CBLB,3,T
rs3095350,0.6900709219858157,LINC02570 - RN7SKP186,6,G
rs3134931,0.6900709219858157,NOTCH4,6,G
rs2119704,0.6900709219858157,LINC01147,14,C
rs10797431,0.5425531914893618,TNFRSF14 - PRXL2B,1,G
rs10201872,0.5425531914893618,SP140,2,A
rs9891119,0.4716312056737589,STAT3,17,C
rs28746882,0.0638297872340425,HLA-DQB1 - MTCO3P1,6,A
rs9828629,0.6595744680851064,FOXP1,3,G
rs2050568,0.5531914893617023,FCRL1,1,G
rs7222450,0.4716312056737589,RNA5SP443 - ARHGAP27,17,A
rs10492972,0.2659574468085107,KIF1B,1,C
HLA-DQA1*05:01,0.2234042553191489,HLA-DQA1,6,G
rs2300747,0.9148936170212768,CD58,1,A
rs2523545,0.4609929078014185,HLA-B,6,G
rs6662618,0.4609929078014185,RN7SL824P - GFI1,1,G
chr8:95851818,0.2695035460992908,INTS8,6,G
rs744166,0.4148936170212766,STAT3,17,G
rs2812197,0.2695035460992908,DLEU1,13,G
rs11581062,0.2695035460992908,"HNRNPA1P68, SLC30A7",1,G
rs2836438,0.2695035460992908,ERG,21,A
rs917116,0.2021276595744681,JAZF1,7,C
rs2585447,0.2872340425531915,BCAS1 - CYP24A1,20,C
rs10951154,0.2872340425531915,"HOXA1, HOTAIRM1",7,C
chr6:119215402,0.2872340425531915,ASF1A,6,A
rs9260765,0.4574468085106383,POLR1HASP,6,C
DRB*03:01,0.4574468085106383,DRB1,6,G
rs6689470,0.4503546099290781,GFI1,1,A
rs9272219,0.4255319148936171,HLA-DQA1,6,A
rs12832171,0.1843971631205674,TNFRSF1A,12,C
rs9261269,0.24822695035461,"POLR1H, POLR1HASP",6,G
rs941816,0.1914893617021277,PXT1,6,G
rs4780346,0.2446808510638298,CLEC16A - HNRNPCP4,16,A
rs10191360,0.24822695035461,CXCR4 - HNRNPKP2,2,T
rs3817963,0.5705673758865248,"TSBP1-AS1, BTNL2",6,G
rs4940730,0.24822695035461,ALPK2,18,A
rs2425752,0.2056737588652482,NCOA5,20,A
rs3007421,0.1170212765957447,PLEKHG5,1,A
rs759648,0.3085106382978724,PVT1,8,C
rs11125803,0.2234042553191489,ADCY3,2,C
rs9273011,0.2163120567375887,HLA-DQA1,6,G
rs73414214,0.2056737588652482,CDHR3 - SYPL1,7,C
rs12466022,0.2056737588652482,LINC02580,2,C
rs13414105,0.1879432624113475,LBH,2,C
rs11079784,0.2620567375886525,KPNB1-DT,17,C
chr3:121783015,0.1879432624113476,CD86,6,T
rs16870908,0.3648936170212766,TAP2,6,G
rs354033,0.1879432624113475,ZNF767P,7,G
rs13136820,0.1879432624113475,RHOH - LINC02265,4,C
rs11919880,0.1879432624113475,TRIM71 - CCR4,3,A
rs12253981,0.5308510638297873,IL2RA,10,G
rs4939490,0.2620567375886525,CD6 - LINC02954,11,G
rs6498168,0.2620567375886525,CLEC16A,16,T
rs3781092,0.3648936170212766,GATA3,10,G
rs9292777,0.2620567375886525,RNU1-150P - TTC33,5,T
rs2681424,0.2620567375886525,Y_RNA - CD86,3,G
rs41288889,0.3648936170212766,HLA-DQA2,6,G
rs1264372,0.3648936170212766,LINC00243,6,G
rs3132131,0.3648936170212766,HLA-Z - HLA-DMB,6,G
rs9261425,0.3648936170212766,TRIM31-AS1,6,G
rs11129295,0.2620567375886525,EOMES - LINC01980,3,A
rs56095240,0.2620567375886525,LNCRNA-IUR - FAM76B,11,A
rs6427540,0.2620567375886525,SLAMF1 - SETP9,1,C
rs7120737,0.1382978723404255,AGBL2,11,G
rs11852059,0.2620567375886525,GNG2,14,C
rs7260482,0.3258865248226951,CEACAM16-AS1,19,C
rs531612,0.4109929078014185,DRAP1 - TSGA10IP,11,T
rs802730,0.4109929078014185,THEMIS - PTPRK,6,T
rs6672420,0.4109929078014185,RUNX3,1,A
rs6789653,0.4109929078014185,ZBTB38,3,G
rs559242105,0.1702127659574468,HLA-DPA2 - COL11A2P1,6,G
rs7522462,0.5248226950354611,INAVA,1,G
rs6793295,0.5248226950354611,LRRC34,3,G
rs12368653,0.5248226950354611,"AGAP2, TSPAN31",12,A
rs10102877,0.5248226950354611,"IL7, ZC2HC1A",8,G
rs112586220,0.5248226950354611,H2BC15,6,G
rs9808753,0.5248226950354611,IFNGR2,21,G
rs2456449,0.3723404255319149,"CASC19, PCAT1",8,G
rs11083862,0.5248226950354611,SAE1,19,A
rs12588969,0.5248226950354611,RCOR1 - TRAF3,14,G
rs4325907,0.5248226950354611,RDUR - ZPLD1,3,C
rs8042861,0.4574468085106383,IQGAP1,15,A
rs694739,0.6382978723404256,PRDX5 - CCDC88B,11,A
rs4679081,0.5638297872340426,CCR4 - GLB1,3,G
rs11161550,0.553191489361702,SYDE2 - C1orf52,1,G
chr3:112693983,0.4432624113475178,CD200R1,6,T
rs2205986,0.3191489361702128,SYT14,1,G
rs2281816,0.4290780141843972,MLN - LINC01016,6,G
rs1055569,0.4290780141843972,HCP5,6,G
rs13190937,0.4290780141843972,ZSCAN23,6,G
rs2293370,0.4290780141843972,TIMMDC1,3,G
rs7238078,0.4290780141843972,MALT1,18,A
rs6072343,0.4290780141843972,ADI1P1 - LPIN3,20,A
rs7769192,0.5531914893617023,BTF3L4P3 - LINC03004,6,G
rs4665719,0.2446808510638298,CENPO,2,G
rs12946510,0.4893617021276596,GRB7 - IKZF3,17,A
rs4728142,0.4290780141843972,KCP - IRF5,7,A
rs10271373,0.4290780141843972,ZC3HAV1,7,A
rs17445836,0.8404255319148938,LINC02132 - LINC01082,16,G
rs2182410,0.4290780141843972,RPL32P23 - RBM17,10,G
rs17824933,0.2446808510638298,CD6,11,G
rs213204,0.4290780141843972,RPS18,6,G
rs669607,0.4290780141843972,LINC01967,3,A
rs2286974,0.5602836879432626,CLEC16A,16,A
rs11587876,0.8404255319148938,DDAH1,1,A
rs2256814,0.2021276595744681,SLC2A4RG,20,A
rs8062446,0.5602836879432626,NLRC5,16,T
rs1036207,0.6382978723404256,NDFIP1,5,C
rs11256593,0.5602836879432626,RPL32P23 - RBM17,10,T
rs2300747,0.946808510638298,CD58,1,A
rs2019960,0.5602836879432626,PVT1,8,G
rs2303759,0.5602836879432626,DKKL1,19,C
rs354033,0.5602836879432626,ZNF767P,7,G
rs2283792,0.5602836879432626,MAPK1,22,C
rs7923837,0.5602836879432626,Y_RNA - EXOC6,10,G
rs2425752,0.5602836879432626,NCOA5,20,G
rs9568402,0.5602836879432626,DLEU1,13,T
rs2590438,0.5602836879432626,BCL6-AS1 - LINC01991,3,G
rs12609500,0.5602836879432626,SMARCA4,19,C
rs533259,0.5248226950354611,RNASEL,1,G
rs417812,0.5248226950354611,HLA-DOA,6,G
rs9266380,0.5248226950354611,"HLA-B, DHFRP2",6,G
rs1250550,0.5602836879432626,ZMIZ1,10,A
rs802734,0.5602836879432626,THEMIS - PTPRK,6,A
rs61884005,0.5602836879432626,RRAS2 - COPB1,11,C
rs4812772,0.5602836879432626,TOX2,20,C
rs12971909,0.5602836879432626,UBXN6 - HDGFL2,19,A
rs72989863,0.5602836879432626,MARCHF1,4,G
rs3763308,0.4858156028368796,"BTNL2, TSBP1-AS1",6,G
rs2836438,0.5248226950354611,ERG,21,G
rs9296088,0.5248226950354611,HCG24 - COL11A2,6,G
rs6859219,0.5106382978723405,ANKRD55,5,G
rs4410871,0.5106382978723405,PVT1,8,G
rs962052,0.5602836879432626,LINC02612 - FABP5P10,2,C
rs6065926,0.5106382978723405,RPL13P2 - CD40,20,A
rs771767,0.5106382978723405,RDUR - ZPLD1,3,A
rs802734,0.5106382978723405,THEMIS - PTPRK,6,G
rs17174870,0.5106382978723405,MERTK,2,G
rs874628,0.5106382978723405,MPV17L2,19,A
rs13333054,0.5106382978723405,LINC02132 - LINC01082,16,A
rs1886700,0.1276595744680851,CDH3,16,A
rs13192841,0.5106382978723405,BTF3L4P3 - LINC03004,6,A
rs11755724,0.5106382978723405,RREB1,6,G
rs59772922,0.8617021276595744,MORF4L1 - CTSH,15,A
rs10466829,0.5106382978723405,CLECL1P,12,A
rs7665090,0.5425531914893618,NFKB1 - MANBA,4,G
rs11719975,0.2765957446808511,SATB1-AS1,3,C
rs35218683,0.5602836879432626,IFITM3,11,T
rs13066789,0.5602836879432626,LPP,3,C
rs4820955,0.5602836879432626,LIMK2,22,A
rs137955,0.5602836879432626,ENTHD1 - GRAP2,22,T
rs9494168,0.1914893617021277,HBS1L - MYB,6,G
rs1398607,0.1914893617021277,RDUR - ZPLD1,3,G
rs771767,0.1914893617021277,RDUR - ZPLD1,3,G
rs6911639,0.1914893617021277,HLA-DOA - HLA-DPA1,6,G
rs559242105,0.1702127659574468,HLA-DPA2 - COL11A2P1,6,G
rs12988804,0.3262411347517731,LRP2,2,T
chr1:154983036,0.4929078014184397,ZBTB7B,6,G
rs170934,0.4893617021276596,LINC01967,3,T
rs6062314,0.4929078014184397,ZBTB46,20,G
rs394199,0.4929078014184397,GGNBP1,6,G
rs76864766,0.4929078014184397,HMGN4 - ABT1,6,G
rs11808092,0.4929078014184397,EVI5,1,A
rs210131,0.4929078014184397,Metazoa_SRP - BAK1,6,G
rs72830848,0.0425531914893617,MSI2,17,T
rs1323292,0.4929078014184397,RGS21 - RGS1,1,G
rs1323292,0.4929078014184397,RGS21 - RGS1,1,A
rs6897932,0.4929078014184397,IL7R,5,G
rs2300603,0.4929078014184397,BATF,14,A
rs4285028,0.4929078014184397,SLC15A2,3,A
rs140522,0.4929078014184397,CIMAP1B - KLHDC7B-DT,22,A
rs8021741,0.4929078014184397,BATF - FLVCR2-AS1,14,G
rs2777899,0.4929078014184397,VMP1,17,G
rs140522,0.4929078014184397,CIMAP1B - KLHDC7B-DT,22,G
rs806321,0.4929078014184397,DLEU1,13,G
rs61708525,0.4929078014184397,PLXNC1,12,G
rs12211604,0.4929078014184397,RN7SL554P - RREB1,6,G
rs3923387,0.4929078014184397,EPPK1 - PLEC,8,T
rs11899404,0.4929078014184397,MIR3681HG,2,C
rs12722489,0.8829787234042554,IL2RA,10,C
rs12025416,0.624113475177305,LINC01762 - CD58,1,G
rs6718520,0.4893617021276596,LINC02580,2,A
rs1800693,0.624113475177305,TNFRSF1A,12,C
rs2150702,0.5,"BRD10, MLANA",9,G
rs1870071,0.624113475177305,EPS15L1,19,C
rs698805,0.0531914893617021,CAMKMT,2,G
rs1107345,0.4432624113475178,IL2RA,10,G
rs11578655,0.4432624113475178,SLC30A7,1,G
rs1292034,0.4432624113475178,RPS6KB1,17,G
rs2777899,0.4432624113475178,VMP1,17,G
rs1415069,0.4432624113475178,DIPK1A,1,G
rs55858457,0.4432624113475178,CHST12,7,T
rs32658,0.4432624113475178,TNFAIP8,5,T
rs2469434,0.4432624113475178,CD226,18,C
rs12722489,0.8829787234042554,IL2RA,10,C
rs2293152,0.6382978723404256,STAT3,17,C
rs1265086,0.3829787234042554,POLR2LP1 - CCHCR1,6,T
rs4285028,0.2695035460992908,SLC15A2,3,G
rs1365120,0.5035460992907802,PRR5L,11,C
rs12212193,0.5035460992907802,BACH2,6,G
rs12048904,0.5035460992907802,VCAM1 - EXTL2,1,A
rs12048904,0.5035460992907802,VCAM1 - EXTL2,1,A
rs2688608,0.574468085106383,CAMK2G - C10orf55,10,A
rs2726518,0.5957446808510638,"TET2, TET2-AS1",4,C
rs17785991,0.3404255319148936,SLC9A8,20,A
rs67934705,0.5035460992907802,CNR2,6,G
rs1323292,0.5035460992907802,RGS21 - RGS1,1,G
rs10936182,0.5035460992907802,"IL12A, IL12A-AS1",3,T
rs806321,0.5035460992907802,DLEU1,13,G
rs2255214,0.4219858156028369,Y_RNA - CD86,3,T
rs17741873,0.5035460992907802,CAMK2G - C10orf55,10,G
rs9900529,0.5035460992907802,GRB2,17,C
rs6020055,0.5035460992907802,RNU6-919P - SLC9A8,20,A
rs10967273,0.1170212765957447,LINC03106 - CAAP1,9,T
rs4560284,0.4184397163120568,ITPR1 - BHLHE40-AS1,3,A
rs4308217,0.4184397163120568,CD86,3,C
rs6498160,0.3617021276595745,CLEC16A,16,T
rs12755416,0.3191489361702128,HORMAD1 - CTSS,1,G
rs10891261,0.3191489361702128,POU2AF1,11,C
rs13254990,0.3191489361702128,PVT1,8,T
rs71545193,0.3191489361702128,EXOC2,6,A
rs6072343,0.1382978723404255,ADI1P1 - LPIN3,20,A
rs56376240,0.3191489361702128,HTR3A,11,A
rs12722561,0.2836879432624114,IL2RA,10,C
chr8:129011095,0.3191489361702128,PVT1,6,C
rs16978630,0.5035460992907802,TNPO2,19,G
rs12025416,0.5035460992907802,LINC01762 - CD58,1,G
rs2546890,0.5319148936170214,IL12B - LINC01845,5,A
rs1920296,0.2517730496453901,IQCB1,3,G
rs2744148,0.6347517730496454,SOX8 - SSTR5,16,G
rs9846396,0.5851063829787234,ZBTB38,3,G
rs17519972,0.5141843971631206,RPAP2,1,G
rs4896477,0.3191489361702128,LINC01625 - ATP5PBP6,6,G
rs1335532,0.9042553191489362,CD58,1,A
rs2104286,0.7872340425531916,IL2RA,10,T
rs7315384,0.2340425531914894,STAB2,12,C
rs1250550,0.4893617021276596,ZMIZ1,10,G
rs180515,0.4893617021276596,RPS6KB1,17,G
rs7595037,0.4893617021276596,PLEK - WDR4P2,2,G
rs6074022,0.2446808510638298,RPL13P2 - CD40,20,G
rs882300,0.6276595744680852,HNRNPKP2 - UBBP1,2,C
rs2618101,0.4893617021276596,LINC01980,3,G
rs7830997,0.5248226950354611,LINC03020 - TRAM1,8,A
rs6062314,0.4609929078014185,ZBTB46,20,A
rs8070463,0.5106382978723405,KPNB1 - TBKBP1,17,T
rs134490,0.4645390070921987,TTC28,22,T
rs2425752,0.4645390070921987,NCOA5,20,G
rs9808753,0.1276595744680851,IFNGR2,21,G
rs228614,0.3723404255319149,MANBA,4,G
rs2425752,0.3723404255319149,NCOA5,20,G
rs4392367,0.3723404255319149,CRTAP,3,G
rs6435203,0.7553191489361702,CD28 - KRT18P39,2,A
rs7525478,0.3723404255319149,CR1L,1,T
rs1819577,0.3723404255319149,MED6P1 - RNLS,10,A
rs10904115,0.3723404255319149,LINC02639 - LINC02660,10,T
rs9977672,0.3723404255319149,LINC02940 - RPL23AP12,21,G
rs3783196,0.3723404255319149,RGCC,13,C
rs13428812,0.3723404255319149,DNMT3A,2,G
rs7315384,0.2340425531914894,STAB2,12,C
rs1219732,0.351063829787234,CPXM2,10,T
rs9643199,0.2553191489361702,MTSS1,8,A
rs2503875,0.4226950354609929,LINC02633,10,A
rs10967273,0.1170212765957447,LINC03106 - CAAP1,9,T
rs3745672,0.2127659574468085,"ZNF433, ZNF433-AS1",19,G
rs9657904,0.8638297872340426,CBLB,3,T
rs17169210,0.2234042553191489,SLC25A48,5,C
chr1:198573373,0.3546099290780142,ATP6V1G3,6,C
DRB*08:01,0.3546099290780142,DRB1,6,G
rs2836425,0.3546099290780142,ERG,21,T
rs10411936,0.2978723404255319,EPS15L1,19,A
rs2681424,0.4042553191489362,Y_RNA - CD86,3,T
rs7592330,0.574468085106383,PLEK - WDR4P2,2,A
rs11865121,0.7127659574468086,CLEC16A,16,C
rs72855540,0.549645390070922,GTDC1,2,G
rs1520333,0.3971631205673759,PKIA-AS1,8,G
rs6896969,0.6382978723404256,RNU1-150P - TTC33,5,C
rs942637,0.5283687943262413,ITPR3,6,G
rs4765569,0.3971631205673759,NCOR2,12,C
rs11859008,0.3971631205673759,WWOX - RNA5SP431,16,C
rs4903324,0.1914893617021277,JDP2 - BATF,14,A
rs3845959,0.3333333333333333,ALDH1L1,3,T
rs9283487,0.4226950354609929,PRKRA,6,G
rs4953911,0.3617021276595745,MGAT5,2,T
rs12456021,0.4255319148936171,ALPK2,18,A
rs2052401,0.4255319148936171,EIF3EP2 - GCG,2,C
rs4834222,0.4255319148936171,FAM241A,4,T
chr20:52210360,0.4255319148936171,ZNF217,6,G
rs175126,0.4680851063829788,LINC02954,11,G
rs66756607,0.4468085106382979,LPP,3,G
rs17591266,0.4255319148936171,COG6,13,G
rs6921288,0.4255319148936171,TMEM244 - L3MBTL3,6,A
rs10513196,0.5003546099290781,LINC01990 - BBX,3,A
rs6897932,0.7765957446808511,IL7R,5,C
rs630923,0.6666666666666667,Y_RNA - CXCR5,11,C
rs3761959,0.1950354609929078,FCRL3,1,G
rs307896,0.1950354609929078,SAE1,19,G
rs13279485,0.1950354609929078,"ARHGEF10, KBTBD11-OT1",8,G
rs290986,0.1950354609929078,OR7E108P - SYK,9,G
rs2920001,0.1950354609929078,DSCAS,18,G
rs7924357,0.1950354609929078,"WTAPP1, WTAPP1",11,G
rs3004212,0.7553191489361702,CSGALNACT2,10,G
rs10066308,0.6666666666666667,"CARINH, IRF1",5,A
rs10758669,0.6666666666666667,HNRNPA1P41 - JAK2,9,C
rs1534422,0.4680851063829788,MIR3681HG,2,G
rs2242508,0.6666666666666667,PHKG1,7,A
rs408667,0.4645390070921986,GALC,14,A
rs6495124,0.4645390070921986,SCAMP2,15,C
rs3885012,0.0425531914893617,SNORA70 - RN7SL734P,12,G
rs931555,0.3368794326241135,SPEF2,5,G
rs1738074,0.5957446808510638,"TAGAP, TAGAP-AS1",6,C
rs1250542,0.3723404255319149,ZMIZ1,10,A
rs6659742,0.3939716312056738,SNHG28,1,G
rs7070182,0.1702127659574468,TCF7L2,10,C
rs12722574,0.3475177304964539,IL2RA,10,A
rs1219732,0.351063829787234,CPXM2,10,T
rs2187163,0.2801418439716312,BCL2,18,G
rs1129183,0.2801418439716312,LZTFL1,3,T
rs10965250,0.2801418439716312,CDKN2B-AS1,9,A
rs28512338,0.2801418439716312,LIPG - SMUG1P1,18,A
rs3809006,0.5,ETS1,11,G
chr3:47005668,0.2801418439716312,CCDC12,6,G
rs7070182,0.1702127659574468,TCF7L2,10,C
rs13241771,0.148936170212766,RNU6-393P - TMEM130,7,A
rs9320598,0.9904255319148936,MMS22L - MIR2113,6,G
rs16898029,0.9146808510638298,LCORL - LINC02438,4,G
rs34286592,0.5000000000000001,"MVP-DT, MAZ",16,T
rs17411949,0.3939716312056738,CLSTN2,3,G
rs2935183,0.5141843971631206,NPEPPS,17,G
rs12249496,0.3549645390070922,LINC01163 - LINC02667,10,G
rs4075958,0.4326241134751774,LMAN2 - RGS14,5,A
rs307896,0.4326241134751774,SAE1,19,G
rs806321,0.3687943262411348,DLEU1,13,A
rs522127,0.4361702127659575,"IL12A-AS1, LINC01100",3,C
rs10832000,0.2127659574468085,RASSF10 - BMAL1,11,G
rs34299154,0.3687943262411348,LINC02929,10,C
rs2505509,0.2588652482269504,RASGEF1A,10,C
rs10514650,0.2127659574468085,TDRD15 - NUTF2P8,2,A
rs17417060,0.3904255319148936,"TMEM72, TMEM72-AS1",10,G
rs9596270,0.968085106382979,DLEU1,13,T
rs7191700,0.6914893617021278,RMI2,16,C
kgp3442760,0.3939716312056738,TMEM72-AS1,6,G
rs9807334,0.5141843971631207,ELAC1 - SMAD4,18,G
rs756699,0.3652482269503547,VDAC1 - TCF7,5,A
rs4409785,0.3156028368794327,LNCRNA-IUR - FAM76B,11,G
rs9355260,0.1702127659574468,TAGAP - FNDC1-AS1,6,A
rs7698247,0.1666666666666667,N4BP2 - RHOH,4,G
rs290260,0.1666666666666667,OR7E108P - SYK,9,C
rs7134559,0.1666666666666667,RPL13AP21 - SLC38A1,12,C
rs1059501,0.1666666666666667,"CD27, CD27-AS1",12,T
rs397020,0.5319148936170214,C20orf202 - RAD21L1,20,G
rs2420518,0.2836879432624114,REL-DT,2,C
kgp1734375,0.2127659574468085,NR,6,G
rs74696548,0.24822695035461,SGO1-AS1,3,G
rs794185,0.4255319148936171,SUMF1,3,G
rs10866713,0.2127659574468085,LINC01845 - LINC01847,5,A
chr1:32715071,0.1773049645390071,FAM167B,6,T
rs4271113,0.3443262411347517,TMEM47 - FAM47B,23,G
rs1207401,0.2659574468085107,SEZ6L,22,A
rs7289446,0.2659574468085107,SEZ6L,22,G
rs9568281,0.2659574468085107,RCBTB1 - ARL11,13,G
rs338610,0.2659574468085107,LINC01967,3,G
rs733724,0.2659574468085107,HACE1,6,G
rs1207401,0.2659574468085107,SEZ6L,22,A
rs3780792,0.2411347517730497,VAV2,9,G
rs7289446,0.2659574468085107,SEZ6L,22,G
rs12638253,0.4787234042553192,LEKR1,3,G
rs1386330,0.1170212765957447,MTCYBP41 - Y_RNA,11,G
rs1478091,0.0425531914893617,GAPDHP56 - RNU6-224P,4,G
rs1790100,0.2340425531914894,MPHOSPH9,12,G
rs13260060,0.0851063829787234,NCOA2,8,A
rs10936599,0.1879432624113475,MYNN,3,G
rs727098,0.2446808510638298,LINC01625 - ATP5PBP6,6,G
rs72709458,0.1879432624113475,TERT,5,T
rs9399125,0.1879432624113475,LINC03002 - MEMO1P2,6,C
rs7620803,0.1879432624113475,SIDT1,3,T
rs33384,0.1879432624113475,ARHGAP26 - NR3C1,5,G
rs3885012,0.0425531914893617,SNORA70 - RN7SL734P,12,G
rs8074980,0.4503546099290781,CUEDC1,17,G
rs2038256,0.4503546099290781,LINC01551,14,G
rs11026091,0.4503546099290781,MRGPRE - NDUFA5P8,11,G
rs28758178,0.24822695035461,TM2D3,15,A
rs73060045,0.2695035460992908,ETV6 - BCL2L14,12,G
rs2069852,0.2695035460992908,IL6 - MTCYBP42,7,G
rs9523762,0.351063829787234,GPC5,13,G
rs1857996,0.2730496453900709,DOCK10,2,C
chr16:68694818,0.2730496453900709,CDH3,6,C
rs11845242,0.4148936170212766,LINC00520,14,G
rs806349,0.4893617021276596,DLEU1,13,A
rs9844930,0.2730496453900709,ARHGEF3,3,A
rs10918297,0.2730496453900709,UCK2,1,G
rs62189580,0.2730496453900709,IKZF2 - LINC01953,2,G
rs11629690,0.2730496453900709,"LINC02883, AKAP13",15,G
rs113116201,0.0,MIR181A1HG,1,G
rs17157903,0.1276595744680851,RELN,7,G
rs17090640,0.1702127659574469,RNA5SP173 - NDUFB5P1,4,G
rs17123757,0.1702127659574469,DPH5-DT - S1PR1-DT,1,G
rs2116078,0.4893617021276596,RNA5SP271 - KCNB2,8,G
chr18:60902282,0.2588652482269504,BCL2,6,G
rs60733400,0.725531914893617,TNFRSF14 - PRXL2B,1,G
rs290986,0.372340425531915,OR7E108P - SYK,9,A
rs8049603,0.1914893617021277,HS3ST2 - USP31,16,T
rs1684468,0.5460992907801419,LINC01063 - NRROS,3,T
rs10157709,0.0319148936170213,ZNF692-DT,1,C
chr10:6390285,0.372340425531915,LOC399715,6,C
chr1:150593391,0.372340425531915,MCL1,6,T
rs17066362,0.372340425531915,LINC02836 - RN7SKP211,6,T
rs7255066,0.372340425531915,CEACAM16-AS1,19,G
rs55733613,0.372340425531915,CBFA2T3 - ACSF3,16,C
rs8112449,0.372340425531915,CDC37,19,G
rs233100,0.372340425531915,BCL10-AS1,1,G
rs189139,0.3297872340425533,SH3BP2,4,A
rs4924273,0.2553191489361702,RASGRP1,15,G
rs10102600,0.372340425531915,"FAM167A, FAM167A-AS1",8,C
rs6433892,0.372340425531915,LINC01934,2,A
rs13193860,0.372340425531915,LINC02541 - MARCKS,6,A
rs11762408,0.372340425531915,GIMAP6 - GIMAP2,7,C
rs5756391,0.3936170212765958,NCF4 - CSF2RB,22,A
rs731089,0.7127659574468086,LINC00423 - TOMM22P3,13,A
rs2073167,0.5319148936170214,TEF,22,A
rs10931933,0.5460992907801419,CASP8,2,G
chr9:86543849,0.5460992907801419,KIF27,6,G
rs6984045,0.0,ASAP1,8,C
rs12957214,0.1175531914893617,MIR924HG,18,C
rs1529316,0.4787234042553192,CSMD1,8,G
rs1458175,0.5,PDZRN4,12,G
kgp5383559,0.4361702127659575,"ERVMER34-1, LOC152578, RASL11B, SCFD2",6,G
rs12612334,0.2517730496453901,GCFC2 - SUCLA2P2,2,C
kgp6724547,0.1702127659574469,NR,6,G
rs78077440,0.7404255319148937,RNU1-150P - TTC33,5,G
rs3003482,0.2517730496453901,PADI1,1,G
rs73277163,0.2127659574468085,ETV6,12,G
kgp4348860,0.3510638297872341,MN1,6,G
rs12094392,0.2127659574468085,PHGDH,1,C
rs10980055,0.1382978723404255,PALM2AKAP2,9,G
kgp4224365,0.1879432624113475,NR,6,G
chr3:100656795,0.2127659574468085,ABI3BP,6,T
rs4364506,0.2127659574468085,L3MBTL3,6,G
rs1250540,0.351063829787234,ZMIZ1,10,G
rs6897932,0.7765957446808511,IL7R,5,C
chr3:5035903,0.2127659574468085,BHLHE40,6,C
rs9321490,0.2127659574468085,HBS1L - MYB,6,G
rs1062158,0.2127659574468085,NDFIP1,5,A
rs281380,0.2127659574468085,FUT2 - MAMSTR,19,G
chr20:52783991,0.2127659574468085,CYP24A1,6,G
rs10789825,0.2127659574468085,POU2AF1,11,G
rs4661089,0.2127659574468085,ETV3L - ETV3,1,T
rs223889,0.2872340425531915,RPL23AP91 - CCL22,16,A
rs7993214,0.6702127659574468,COG6,13,G
rs6716355,0.3085106382978724,LINC01934,2,C
rs335123,0.2127659574468085,"ANKRD36BP2, ANKRD36BP2",2,T
rs2724416,0.2127659574468085,LINC02732,11,T
rs2960172,0.2127659574468085,"FLJ40194, ZNF652",17,A
rs11008218,0.2127659574468085,LINC02644 - ZNF438,10,G
rs1877721,0.2127659574468085,TNIP2 - SH3BP2,4,G
rs10853845,0.2127659574468085,FPR1,19,G
rs35280661,0.2127659574468085,SGSM2,17,G
rs12644284,0.6914893617021278,TRIM2,4,G
rs898,0.3510638297872341,PTGFR,1,C
rs908821,0.7340425531914894,TRIM42 - RPL23AP41,3,G
rs1755289,0.6276595744680852,ADAMTSL1,9,G
rs6691722,0.5309574468085106,GRHL3,1,G
rs6604026,0.2765957446808511,"RPL5, DIPK1A",1,G
rs793108,0.3262411347517731,LINC02664,10,A
rs3761959,0.3262411347517731,FCRL3,1,G
rs11755724,0.3262411347517731,RREB1,6,A
rs4792814,0.3262411347517731,MAP3K14 - RNA5SP443,17,G
rs2273215,0.3262411347517731,LINC01624,6,G
rs62059189,0.3262411347517731,Y_RNA - SLC2A4,17,T
rs4812492,0.3262411347517731,ZHX3,20,C
rs31220,0.3262411347517731,"ITK, GARIN3",5,G
rs2725556,0.0638297872340425,RNU6-449P - UNC13C,15,A
chr16:30171625,0.3262411347517731,MAPK3,6,C
rs7260516,0.3617021276595745,FPR1,19,A
rs10905353,0.3262411347517731,LINC00708 - KRT8P37,10,G
rs1567526,0.3262411347517731,MYO5B,18,G
chr6:130348257,0.3262411347517731,L3MBTL3,6,T
rs6492971,0.3262411347517731,DLL4 - ISCA1P4,15,A
rs4543864,0.3262411347517731,LINC01353 - BTG2-DT,1,T
rs7565445,0.3262411347517731,MIR4435-2HG,2,C
rs10893900,0.3262411347517731,ETS1 - FLI1,11,G
rs4941702,0.3262411347517731,LINC00423 - TOMM22P3,13,G
chr1:1682374,0.3262411347517731,NADK,6,A
rs11066320,0.3262411347517731,PTPN11,12,A
rs2842483,0.2872340425531915,PCSK5,9,G
rs4149584,0.0021276595744681,TNFRSF1A,12,T
rs7789940,0.1808510638297873,FPASL,7,G
rs17149161,0.1914893617021277,YWHAG,7,A
kgp2538268,0.1702127659574469,LOC101928519,6,G
rs6498169,0.3723404255319149,CLEC16A,16,G
chr16:68335911,0.3510638297872341,SLC7A6OS,6,C
rs17594362,0.3510638297872341,RGCC - VWA8,13,A
rs12456021,0.3510638297872341,ALPK2,18,A
rs2602397,0.4574468085106383,UGT1A12P - UGT1A11P,2,G
rs10518025,0.1276595744680851,RNU6-699P - RNU1-63P,4,G
rs386965,0.3510638297872341,MAFTRR,16,G
rs10414065,0.3510638297872341,SLC7A10 - CEBPA,19,T
rs1557351,0.2127659574468085,LINC-ROR - BOD1L2,18,G
rs10259085,0.4680851063829788,C1GALT1,7,G
rs299175,0.4680851063829788,NLRP11,19,G
rs261902,0.148936170212766,BICD1,12,G
rs6952809,0.3510638297872341,CHST12,7,A
rs9821630,0.3510638297872341,PLCL2,3,G
rs27002,0.3510638297872341,MCTP1,5,C
chr10:21867179,0.3510638297872341,MLLT10,6,T
rs471942,0.2198581560283688,IP6K3,6,G
rs4792814,0.2198581560283688,MAP3K14 - RNA5SP443,17,G
rs4669226,0.2198581560283688,LINC01871 - LINC00299,2,G
rs12513380,0.2198581560283688,TLL1,4,G
rs566267,0.3510638297872341,PDE4B,1,G
rs7758683,0.2234042553191489,EPHA7 - MTCYBP36,6,T
rs698805,0.0582978723404256,CAMKMT,2,G
rs5978649,0.1808510638297872,EGFL6,23,G
rs7255066,0.1808510638297872,CEACAM16-AS1,19,G
rs806321,0.1808510638297872,DLEU1,13,G
rs12756986,0.1808510638297872,DPH5-DT - S1PR1-DT,1,G
rs2072711,0.1808510638297872,NCF4,22,G
rs9643199,0.2553191489361702,MTSS1,8,A
rs6074022,0.2659574468085107,RPL13P2 - CD40,20,C
rs4409785,0.2411347517730497,LNCRNA-IUR - FAM76B,11,G
rs1500710,0.2411347517730497,ARHGEF3,3,G
rs62208470,0.4574468085106383,ZHX3,20,G
rs56089601,0.0851063829787234,STK32B,4,C
rs10243024,0.2234042553191489,"MET, COMETT",7,G
rs12047808,0.1170212765957447,AXDND1,1,G
rs7191888,0.1595744680851064,ZFHX3,16,G
rs2039485,0.2127659574468085,NUBPL - LINC02313,14,G
rs6941421,0.2340425531914894,RNU6-793P - RPL6P17,6,G
rs180358,0.2234042553191489,LINC02702 - BUD13,11,G
rs11810158,0.4574468085106383,FTH1P22 - PTGFRN,1,T
rs11150602,0.4574468085106383,SETD1A,16,G
rs17371986,0.8191489361702129,VANGL2 - SLAMF6,1,A
rs2888449,0.2872340425531915,TESHL,2,C
rs2045769,0.4574468085106383,KLF3 - RNA5SP158,4,C
rs13330176,0.4574468085106383,LINC02132 - LINC01082,16,A
rs61909096,0.4078014184397163,ETS1,11,G
rs16903340,0.4078014184397163,"MEF2C-AS2, MEF2C",5,A
rs12713638,0.3723404255319149,DTNB - Y_RNA,2,G
rs651477,0.2553191489361702,THORLNC - LINC01956,2,G
rs3817963,0.2588652482269503,"TSBP1-AS1, BTNL2",6,G
rs61578937,0.1170212765957447,NCOA2 - LINC03020,8,G
rs4680534,0.3723404255319149,IL12A-AS1,3,C
rs13257990,0.1702127659574469,IFITM3P8 - NASPP1,8,C
rs16917546,0.1702127659574469,LINC02929,10,T
rs929566,0.1702127659574469,NAB1,2,C
rs2253675,0.1702127659574469,RFT1,3,C
rs2776741,0.3085106382978724,NIPAL3 - NCMAP-DT,1,A
rs7672826,0.3404255319148936,LINC02500 - TENM3-AS1,4,G
rs73091975,0.074468085106383,NEUROD6 - ITPRID1,7,G
rs1841770,0.5425531914893618,LINC02032,3,G
rs2104286,0.7553191489361702,IL2RA,10,A
rs4572384,0.4042553191489362,USP10 - CRISPLD2,16,A
rs56194930,0.0957446808510638,MTCO3P30 - HMGB3P23,9,G
rs2243123,0.1595744680851064,"IL12A, IL12A-AS1",3,G
rs1109670,0.2553191489361702,RPL30P3 - ASAP2,2,G
rs67457628,0.1595744680851064,"SMG6, HIC1",17,T
rs12953974,0.1063829787234043,CTIF,18,A
rs4755450,0.6808510638297873,PRR5L,11,G
rs62088246,0.1595744680851064,UNK,17,G
rs1437898,0.4042553191489362,NCKAP5,2,G
rs9480865,0.148936170212766,FOXO3,6,G
rs11666377,0.1276595744680851,CPAMD8,19,G
rs4704970,0.1914893617021277,SGCD,5,G
rs2741190,0.1595744680851064,"SLA, TG",8,C
rs2811727,0.1595744680851064,LCN6,9,A
rs10984447,0.797872340425532,BRINP1,9,A
rs6604026,0.2872340425531915,"RPL5, DIPK1A",1,C
rs2727790,0.1453900709219858,LNC-RHL1 - APOA4,11,A
chr5:1519833,0.2588652482269503,LPCAT1,6,T
rs71314176,0.2588652482269503,IL10RB - IFNAR1,21,G
rs1442118,0.2588652482269503,NIHCOLE,5,A
rs2333227,0.2588652482269503,MPO - TSPOAP1,17,C
rs1152430,0.2588652482269503,RPS6KA5,14,C
rs716595,0.0638297872340425,MXI1,10,G
rs1927457,0.3085106382978724,SVIL,10,G
rs72665771,0.2588652482269503,MAPK10,4,A
rs12909611,0.2588652482269503,RORA,15,C
rs11669861,0.2588652482269503,"MEF2B, BORCS8-MEF2B",19,C
rs2295799,0.2588652482269503,"FAM221B, TMEM8B",9,G
rs56089601,0.0851063829787234,STK32B,4,C
rs6917747,0.1382978723404255,IGF2R,6,G
rs337718,0.2872340425531915,LINC01899 - CBLN2,18,G
rs11957313,0.1170212765957447,KCNIP1,5,G
rs7253363,0.0319148936170213,ZNF627,19,G
rs62626325,0.8617021276595744,RPL32P23 - RBM17,10,G
rs75637965,0.1170212765957447,FAM167A,8,C
rs3747562,0.1453900709219858,PRICKLE1,12,G
rs8078776,0.1453900709219858,MINK1,17,A
rs7295386,0.1453900709219858,ATF1 - RN7SL519P,12,C
rs7758683,0.2234042553191489,EPHA7 - MTCYBP36,6,T
rs2413436,0.1432624113475177,CSF2RB,22,G
rs8007846,0.1432624113475177,FUT8 - NCOA4P1,14,G
rs11704853,0.074468085106383,ZNF74 - RNU6-225P,22,T
rs11962089,0.148936170212766,"POPDC3, BVES-AS1",6,G
rs2274333,0.2872340425531915,CA6,1,G
rs13117816,0.1170212765957447,LINC02616,4,G
rs1821625,0.1170212765957447,NCKAP5,2,G
rs4916321,0.1170212765957447,TNFSF4,1,G
rs111399831,0.1382978723404255,GNG5P5 - RN7SL700P,13,A
rs56363129,0.1382978723404255,SEPHS1 - BEND7,10,G
rs17749211,0.1773049645390071,SAMD12,8,G
rs17267338,0.1773049645390071,VTI1A,10,G
rs12456021,0.1773049645390071,ALPK2,18,G
rs11864333,0.1773049645390071,RMI2 - LITAF,16,G
rs9821630,0.1773049645390071,PLCL2,3,G
rs7941030,0.1773049645390071,GLULP3 - UBASH3B,11,G
rs111399831,0.2021276595744681,GNG5P5 - RN7SL700P,13,A
rs4495680,0.4148936170212766,RGS1 - RGS13,1,G
rs11057374,0.351063829787234,DNAH10,12,G
rs295254,0.3829787234042554,RCL1,9,G
rs58352802,0.1106382978723404,"DSG1-AS1, DSG4",18,A
rs758944,0.1914893617021277,FPASL,7,T
rs7779014,0.1914893617021277,YWHAG,7,T
rs7583400,0.35,TMEM17,2,G
rs12976899,0.4617021276595745,RPL7AP69 - USP29,19,G
